Customer_ID,Customer_Name,Segment,City,State,Region,Customer_Since
C0001,Customer 1,Consumer,Noida,Uttar Pradesh,North,2023-01-06
C0002,Customer 2,Corporate,Lucknow,Uttar Pradesh,North,2023-07-30
C0003,Customer 3,Consumer,Patna,Bihar,East,2021-06-11
C0004,Customer 4,Consumer,Patna,Bihar,East,2023-01-11
C0005,Customer 5,Consumer,Bhubaneswar,Odisha,East,2022-04-12
C0006,Customer 6,Small Business,Delhi,Delhi,North,2021-07-26
C0007,Customer 7,Consumer,Bengaluru,Karnataka,South,2023-01-18
C0008,Customer 8,Consumer,Udaipur,Rajasthan,North,2022-07-01
C0009,Customer 9,Corporate,Gandhinagar,Gujarat,West,2022-05-17
C0010,Customer 10,Consumer,Udaipur,Rajasthan,North,2024-02-15
C0011,Customer 11,Corporate,Pune,Maharashtra,West,2021-04-25
C0012,Customer 12,Home Office,Pune,Maharashtra,West,2023-04-02
C0013,Customer 13,Consumer,Nagpur,Maharashtra,West,2024-03-07
C0014,Customer 14,Consumer,Noida,Uttar Pradesh,North,2023-07-29
C0015,Customer 15,Consumer,Jodhpur,Rajasthan,North,2024-02-24
C0016,Customer 16,Consumer,Patna,Bihar,East,2024-04-10
C0017,Customer 17,Consumer,Bengaluru,Karnataka,South,2021-10-11
C0018,Customer 18,Consumer,Kolkata,West Bengal,East,2021-08-13
C0019,Customer 19,Corporate,Jodhpur,Rajasthan,North,2023-05-15
C0020,Customer 20,Consumer,Gandhinagar,Gujarat,West,2023-08-17
C0021,Customer 21,Consumer,Kolkata,West Bengal,East,2021-01-24
C0022,Customer 22,Corporate,Jaipur,Rajasthan,North,2022-07-01
C0023,Customer 23,Consumer,Noida,Uttar Pradesh,North,2023-07-19
C0024,Customer 24,Small Business,Ahmedabad,Gujarat,West,2022-06-24
C0025,Customer 25,Home Office,Kolkata,West Bengal,East,2021-08-06
C0026,Customer 26,Home Office,Delhi,Delhi,North,2022-02-12
C0027,Customer 27,Consumer,Jodhpur,Rajasthan,North,2023-12-23
C0028,Customer 28,Corporate,Ahmedabad,Gujarat,West,2021-08-18
C0029,Customer 29,Home Office,Lucknow,Uttar Pradesh,North,2022-09-22
C0030,Customer 30,Consumer,Pune,Maharashtra,West,2021-06-11
C0031,Customer 31,Corporate,Gandhinagar,Gujarat,West,2023-12-27
C0032,Customer 32,Consumer,Jodhpur,Rajasthan,North,2024-01-31
C0033,Customer 33,Consumer,Udaipur,Rajasthan,North,2023-05-17
C0034,Customer 34,Small Business,Mumbai,Maharashtra,West,2022-02-16
C0035,Customer 35,Consumer,Delhi,Delhi,North,2023-02-04
C0036,Customer 36,Home Office,Hyderabad,Telangana,South,2022-05-23
C0037,Reliance Retail,Consumer,Pune,Maharashtra,West,2022-04-17
C0038,Customer 38,Consumer,Bhubaneswar,Odisha,East,2021-05-01
C0039,Diya Reddy,Consumer,Pune,Maharashtra,West,2021-05-26
C0040,Customer 40,Consumer,Kolkata,West Bengal,East,2022-03-15
C0041,Customer 41,Consumer,Patna,Bihar,East,2024-03-15
C0042,Customer 42,Consumer,Bhubaneswar,Odisha,East,2023-04-14
C0043,Customer 43,Consumer,Mumbai,Maharashtra,West,2022-12-27
C0044,Customer 44,Consumer,Mysuru,Karnataka,South,2021-04-21
C0045,Customer 45,Consumer,Jaipur,Rajasthan,North,2021-08-12
C0046,Customer 46,Consumer,Pune,Maharashtra,West,2021-10-15
C0047,Customer 47,Consumer,Mysuru,Karnataka,South,2021-06-04
C0048,Customer 48,Home Office,Hyderabad,Telangana,South,2021-07-20
C0049,Customer 49,Corporate,Surat,Gujarat,West,2021-01-31
C0050,Customer 50,Small Business,Gandhinagar,Gujarat,West,2021-12-07
C0051,Customer 51,Consumer,Mysuru,Karnataka,South,2023-04-02
C0052,Priya Nair,Consumer,Surat,Gujarat,West,2022-06-28
C0053,Customer 53,Consumer,Hyderabad,Telangana,South,2024-02-13
C0054,Customer 54,Consumer,Chennai,Tamil Nadu,South,2021-04-30
C0055,Customer 55,Corporate,Bhubaneswar,Odisha,East,2022-10-05
C0056,Customer 56,Consumer,Surat,Gujarat,West,2023-12-24
C0057,Customer 57,Consumer,Udaipur,Rajasthan,North,2022-01-16
C0058,Customer 58,Corporate,Gandhinagar,Gujarat,West,2022-04-27
C0059,Customer 59,Consumer,Bengaluru,Karnataka,South,2022-05-20
C0060,Customer 60,Corporate,Bhubaneswar,Odisha,East,2023-05-09
C0061,Customer 61,Corporate,Bhubaneswar,Odisha,East,2022-06-19
C0062,Customer 62,Corporate,Mumbai,Maharashtra,West,2022-06-28
C0063,Customer 63,Consumer,Bengaluru,Karnataka,South,2023-07-26
C0064,Customer 64,Small Business,Noida,Uttar Pradesh,North,2021-01-20
C0065,Customer 65,Corporate,Hyderabad,Telangana,South,2021-07-24
C0066,Customer 66,Consumer,Gandhinagar,Gujarat,West,2021-09-29
C0067,Customer 67,Home Office,Lucknow,Uttar Pradesh,North,2023-01-27
C0068,Customer 68,Consumer,Delhi,Delhi,North,2022-09-12
C0069,Customer 69,Consumer,Kolkata,West Bengal,East,2022-09-06
C0070,Customer 70,Small Business,Jaipur,Rajasthan,North,2021-08-25
C0071,Customer 71,Corporate,Jaipur,Rajasthan,North,2022-08-01
C0072,Customer 72,Corporate,Mumbai,Maharashtra,West,2022-06-25
C0073,Customer 73,Consumer,Kolkata,West Bengal,East,2021-04-15
C0074,Customer 74,Corporate,Gandhinagar,Gujarat,West,2021-04-01
C0075,Customer 75,Consumer,Ahmedabad,Gujarat,West,2022-06-21
C0076,Customer 76,Corporate,Udaipur,Rajasthan,North,2023-05-26
C0077,Customer 77,Consumer,Patna,Bihar,East,2021-11-02
C0078,Customer 78,Consumer,Patna,Bihar,East,2024-02-06
C0079,Meera Joshi,Consumer,Jodhpur,Rajasthan,North,2021-03-23
C0080,Customer 80,Consumer,Lucknow,Uttar Pradesh,North,2021-07-30
C0081,Customer 81,Home Office,Lucknow,Uttar Pradesh,North,2023-04-13
C0082,Customer 82,Small Business,Jodhpur,Rajasthan,North,2021-11-29
C0083,Diya Reddy,Home Office,Udaipur,Rajasthan,North,2023-04-24
C0084,Customer 84,Consumer,Pune,Maharashtra,West,2021-08-10
C0085,Customer 85,Home Office,Bengaluru,Karnataka,South,2022-04-01
C0086,Customer 86,Home Office,Mumbai,Maharashtra,West,2022-09-18
C0087,Customer 87,Consumer,Pune,Maharashtra,West,2023-03-28
C0088,Customer 88,Consumer,Noida,Uttar Pradesh,North,2022-07-26
C0089,Customer 89,Corporate,Lucknow,Uttar Pradesh,North,2024-01-04
C0090,Customer 90,Small Business,Noida,Uttar Pradesh,North,2022-06-19
C0091,Customer 91,Corporate,Udaipur,Rajasthan,North,2021-03-20
C0092,Customer 92,Corporate,Jaipur,Rajasthan,North,2022-10-05
C0093,Customer 93,Corporate,Mysuru,Karnataka,South,2023-02-28
C0094,Riya Choudhary,Consumer,Bhubaneswar,Odisha,East,2021-01-04
C0095,Customer 95,Small Business,Kolkata,West Bengal,East,2022-02-08
C0096,Customer 96,Consumer,Lucknow,Uttar Pradesh,North,2022-11-08
C0097,Customer 97,Corporate,Noida,Uttar Pradesh,North,2022-09-08
C0098,Customer 98,Consumer,Kolkata,West Bengal,East,2023-04-05
C0099,Customer 99,Corporate,Delhi,Delhi,North,2023-02-16
C0100,Customer 100,Corporate,Udaipur,Rajasthan,North,2024-01-28
C0101,Customer 101,Consumer,Ahmedabad,Gujarat,West,2024-04-02
C0102,Customer 102,Consumer,Noida,Uttar Pradesh,North,2022-03-14
C0103,Customer 103,Consumer,Kolkata,West Bengal,East,2021-12-14
C0104,Customer 104,Consumer,Gandhinagar,Gujarat,West,2022-11-18
C0105,Customer 105,Home Office,Gandhinagar,Gujarat,West,2022-09-28
C0106,Customer 106,Home Office,Pune,Maharashtra,West,2021-04-05
C0107,Customer 107,Small Business,Pune,Maharashtra,West,2021-05-30
C0108,Customer 108,Consumer,Hyderabad,Telangana,South,2022-02-03
C0109,Customer 109,Consumer,Bengaluru,Karnataka,South,2021-01-12
C0110,Customer 110,Home Office,Jaipur,Rajasthan,North,2023-11-27
C0111,Customer 111,Consumer,Hyderabad,Telangana,South,2021-09-06
C0112,Customer 112,Consumer,Hyderabad,Telangana,South,2023-12-24
C0113,Customer 113,Corporate,Patna,Bihar,East,2023-06-26
C0114,Customer 114,Consumer,Kolkata,West Bengal,East,2023-07-03
C0115,Customer 115,Corporate,Udaipur,Rajasthan,North,2022-06-15
C0116,Customer 116,Home Office,Pune,Maharashtra,West,2023-12-04
C0117,Customer 117,Corporate,Chennai,Tamil Nadu,South,2021-06-08
C0118,Customer 118,Consumer,Delhi,Delhi,North,2024-01-12
C0119,Customer 119,Consumer,Gandhinagar,Gujarat,West,2021-11-09
C0120,Customer 120,Consumer,Mumbai,Maharashtra,West,2024-01-17
C0121,Customer 121,Consumer,Hyderabad,Telangana,South,2023-05-11
C0122,Customer 122,Small Business,Bengaluru,Karnataka,South,2021-02-10
C0123,Meera Joshi,Consumer,Bhubaneswar,Odisha,East,2022-09-04
C0124,Customer 124,Home Office,Bengaluru,Karnataka,South,2023-05-09
C0125,Customer 125,Corporate,Patna,Bihar,East,2022-03-28
C0126,Customer 126,Consumer,Chennai,Tamil Nadu,South,2021-03-01
C0127,Customer 127,Consumer,Bengaluru,Karnataka,South,2023-04-09
C0128,Customer 128,Home Office,Udaipur,Rajasthan,North,2023-12-30
C0129,Customer 129,Small Business,Ahmedabad,Gujarat,West,2021-02-25
C0130,Customer 130,Corporate,Gandhinagar,Gujarat,West,2023-08-04
C0131,Customer 131,Consumer,Udaipur,Rajasthan,North,2022-03-10
C0132,Customer 132,Consumer,Hyderabad,Telangana,South,2023-02-16
C0133,Customer 133,Home Office,Nagpur,Maharashtra,West,2022-06-01
C0134,Customer 134,Consumer,Gandhinagar,Gujarat,West,2021-04-17
C0135,Customer 135,Consumer,Lucknow,Uttar Pradesh,North,2021-03-24
C0136,Customer 136,Small Business,Ahmedabad,Gujarat,West,2021-02-11
C0137,Customer 137,Consumer,Jodhpur,Rajasthan,North,2021-08-23
C0138,Customer 138,Small Business,Bhubaneswar,Odisha,East,2022-06-09
C0139,Customer 139,Consumer,Lucknow,Uttar Pradesh,North,2021-08-23
C0140,Customer 140,Small Business,Udaipur,Rajasthan,North,2021-02-22
C0141,Customer 141,Corporate,Delhi,Delhi,North,2023-02-08
C0142,Customer 142,Small Business,Bengaluru,Karnataka,South,2022-05-13
C0143,Customer 143,Corporate,Jaipur,Rajasthan,North,2021-09-05
C0144,Customer 144,Home Office,Bhubaneswar,Odisha,East,2023-05-28
C0145,Customer 145,Consumer,Lucknow,Uttar Pradesh,North,2021-01-26
C0146,Customer 146,Home Office,Mysuru,Karnataka,South,2023-01-12
C0147,Customer 147,Corporate,Hyderabad,Telangana,South,2023-12-05
C0148,Customer 148,Corporate,Nagpur,Maharashtra,West,2023-09-18
C0149,Customer 149,Consumer,Hyderabad,Telangana,South,2022-07-04
C0150,Customer 150,Home Office,Noida,Uttar Pradesh,North,2021-06-27
C0151,Customer 151,Home Office,Nagpur,Maharashtra,West,2023-08-10
C0152,Customer 152,Corporate,Bhubaneswar,Odisha,East,2021-02-28
C0153,Customer 153,Home Office,Chennai,Tamil Nadu,South,2022-03-11
C0154,Customer 154,Home Office,Lucknow,Uttar Pradesh,North,2022-07-20
C0155,Customer 155,Consumer,Patna,Bihar,East,2021-06-25
C0156,Customer 156,Corporate,Pune,Maharashtra,West,2022-05-08
C0157,Customer 157,Corporate,Chennai,Tamil Nadu,South,2021-02-05
C0158,Customer 158,Consumer,Gandhinagar,Gujarat,West,2022-05-14
C0159,Customer 159,Corporate,Delhi,Delhi,North,2024-02-08
C0160,Customer 160,Consumer,Kolkata,West Bengal,East,2024-02-02
C0161,Customer 161,Consumer,Noida,Uttar Pradesh,North,2022-09-20
C0162,Customer 162,Consumer,Nagpur,Maharashtra,West,2022-10-09
C0163,Customer 163,Corporate,Jaipur,Rajasthan,North,2022-01-15
C0164,Customer 164,Consumer,Mumbai,Maharashtra,West,2023-12-11
C0165,Customer 165,Small Business,Delhi,Delhi,North,2022-08-30
C0166,Customer 166,Consumer,Pune,Maharashtra,West,2023-12-30
C0167,Customer 167,Consumer,Jodhpur,Rajasthan,North,2024-02-08
C0168,Customer 168,Corporate,Delhi,Delhi,North,2023-10-03
C0169,Customer 169,Home Office,Jaipur,Rajasthan,North,2023-08-20
C0170,Customer 170,Consumer,Chennai,Tamil Nadu,South,2021-04-16
C0171,Customer 171,Small Business,Nagpur,Maharashtra,West,2021-05-14
C0172,Customer 172,Consumer,Bengaluru,Karnataka,South,2021-04-20
C0173,Customer 173,Consumer,Jodhpur,Rajasthan,North,2022-09-15
C0174,Customer 174,Small Business,Gandhinagar,Gujarat,West,2023-05-03
C0175,Customer 175,Home Office,Pune,Maharashtra,West,2023-06-26
C0176,Customer 176,Home Office,Delhi,Delhi,North,2022-09-18
C0177,Customer 177,Corporate,Bhubaneswar,Odisha,East,2021-07-23
C0178,Customer 178,Corporate,Mumbai,Maharashtra,West,2021-06-16
C0179,Customer 179,Consumer,Udaipur,Rajasthan,North,2021-11-17
C0180,Customer 180,Consumer,Ahmedabad,Gujarat,West,2023-08-21
C0181,Customer 181,Consumer,Delhi,Delhi,North,2022-08-03
C0182,Customer 182,Consumer,Hyderabad,Telangana,South,2022-06-26
C0183,Customer 183,Corporate,Bhubaneswar,Odisha,East,2023-05-21
C0184,Customer 184,Consumer,Jaipur,Rajasthan,North,2022-06-29
C0185,Customer 185,Consumer,Jodhpur,Rajasthan,North,2022-09-22
C0186,Customer 186,Small Business,Bhubaneswar,Odisha,East,2023-08-18
C0187,Customer 187,Corporate,Delhi,Delhi,North,2023-10-22
C0188,Customer 188,Consumer,Patna,Bihar,East,2021-03-23
C0189,Customer 189,Corporate,Mysuru,Karnataka,South,2021-02-22
C0190,Customer 190,Consumer,Gandhinagar,Gujarat,West,2024-03-24
C0191,Customer 191,Small Business,Bhubaneswar,Odisha,East,2022-07-06
C0192,Customer 192,Consumer,Bhubaneswar,Odisha,East,2023-08-22
C0193,Customer 193,Corporate,Kolkata,West Bengal,East,2022-01-07
C0194,Customer 194,Consumer,Bhubaneswar,Odisha,East,2021-07-06
C0195,Customer 195,Consumer,Chennai,Tamil Nadu,South,2021-08-03
C0196,Customer 196,Consumer,Udaipur,Rajasthan,North,2022-08-14
C0197,Customer 197,Home Office,Bengaluru,Karnataka,South,2023-07-21
C0198,Customer 198,Consumer,Gandhinagar,Gujarat,West,2023-04-08
C0199,Reliance Retail,Home Office,Kolkata,West Bengal,East,2023-08-05
C0200,Customer 200,Consumer,Mysuru,Karnataka,South,2023-10-18
C0201,Customer 201,Home Office,Hyderabad,Telangana,South,2024-01-30
C0202,Customer 202,Small Business,Jodhpur,Rajasthan,North,2023-09-20
C0203,Customer 203,Consumer,Jaipur,Rajasthan,North,2022-05-06
C0204,Riya Choudhary,Consumer,Udaipur,Rajasthan,North,2021-07-10
C0205,Customer 205,Small Business,Pune,Maharashtra,West,2023-08-04
C0206,Customer 206,Corporate,Jaipur,Rajasthan,North,2022-08-21
C0207,Customer 207,Corporate,Kolkata,West Bengal,East,2023-09-16
C0208,Customer 208,Consumer,Chennai,Tamil Nadu,South,2023-02-25
C0209,Customer 209,Small Business,Mumbai,Maharashtra,West,2021-10-07
C0210,Customer 210,Consumer,Gandhinagar,Gujarat,West,2023-04-30
C0211,Customer 211,Small Business,Noida,Uttar Pradesh,North,2021-01-06
C0212,Customer 212,Corporate,Delhi,Delhi,North,2024-04-02
C0213,Customer 213,Home Office,Chennai,Tamil Nadu,South,2023-09-19
C0214,Customer 214,Consumer,Lucknow,Uttar Pradesh,North,2023-02-12
C0215,Customer 215,Small Business,Hyderabad,Telangana,South,2022-05-05
C0216,Customer 216,Consumer,Bhubaneswar,Odisha,East,2023-04-22
C0217,Customer 217,Consumer,Surat,Gujarat,West,2023-02-20
C0218,Customer 218,Small Business,Bengaluru,Karnataka,South,2021-11-08
C0219,Customer 219,Small Business,Chennai,Tamil Nadu,South,2022-11-11
C0220,Customer 220,Home Office,Jaipur,Rajasthan,North,2023-12-14
C0221,Customer 221,Consumer,Hyderabad,Telangana,South,2021-11-13
C0222,Customer 222,Consumer,Gandhinagar,Gujarat,West,2022-11-25
C0223,Customer 223,Corporate,Bengaluru,Karnataka,South,2023-12-29
C0224,Customer 224,Small Business,Bengaluru,Karnataka,South,2023-09-27
C0225,Customer 225,Consumer,Patna,Bihar,East,2022-08-12
C0226,Customer 226,Corporate,Pune,Maharashtra,West,2021-07-21
C0227,Customer 227,Consumer,Jaipur,Rajasthan,North,2021-03-01
C0228,Customer 228,Consumer,Surat,Gujarat,West,2023-01-05
C0229,Customer 229,Consumer,Lucknow,Uttar Pradesh,North,2023-04-24
C0230,Customer 230,Corporate,Bhubaneswar,Odisha,East,2021-12-25
C0231,Customer 231,Corporate,Gandhinagar,Gujarat,West,2022-05-09
C0232,Customer 232,Small Business,Chennai,Tamil Nadu,South,2023-08-03
C0233,Customer 233,Consumer,Nagpur,Maharashtra,West,2023-08-11
C0234,Customer 234,Corporate,Delhi,Delhi,North,2023-06-24
C0235,Customer 235,Small Business,Lucknow,Uttar Pradesh,North,2023-05-19
C0236,Customer 236,Consumer,Nagpur,Maharashtra,West,2023-02-27
C0237,Customer 237,Consumer,Chennai,Tamil Nadu,South,2023-01-06
C0238,Customer 238,Consumer,Bhubaneswar,Odisha,East,2021-02-14
C0239,Customer 239,Consumer,Bengaluru,Karnataka,South,2021-04-11
C0240,Customer 240,Home Office,Chennai,Tamil Nadu,South,2022-04-17
C0241,Customer 241,Consumer,Lucknow,Uttar Pradesh,North,2022-05-29
C0242,Customer 242,Corporate,Jodhpur,Rajasthan,North,2021-03-22
C0243,Meera Joshi,Home Office,Delhi,Delhi,North,2021-09-27
C0244,Customer 244,Small Business,Gandhinagar,Gujarat,West,2023-05-01
C0245,Customer 245,Consumer,Udaipur,Rajasthan,North,2023-01-20
C0246,Customer 246,Consumer,Kolkata,West Bengal,East,2021-12-03
C0247,Customer 247,Small Business,Nagpur,Maharashtra,West,2022-08-28
C0248,Customer 248,Home Office,Noida,Uttar Pradesh,North,2021-06-04
C0249,Customer 249,Home Office,Jodhpur,Rajasthan,North,2023-03-25
C0250,Customer 250,Consumer,Patna,Bihar,East,2021-01-29
C0251,Customer 251,Consumer,Nagpur,Maharashtra,West,2022-06-21
C0252,Customer 252,Consumer,Bhubaneswar,Odisha,East,2023-01-31
C0253,Customer 253,Corporate,Jaipur,Rajasthan,North,2024-02-24
C0254,Customer 254,Small Business,Noida,Uttar Pradesh,North,2021-05-10
C0255,Customer 255,Small Business,Hyderabad,Telangana,South,2023-04-17
C0256,Customer 256,Consumer,Jaipur,Rajasthan,North,2022-09-16
C0257,Customer 257,Consumer,Chennai,Tamil Nadu,South,2024-01-06
C0258,Customer 258,Consumer,Jodhpur,Rajasthan,North,2024-01-12
C0259,Customer 259,Corporate,Mysuru,Karnataka,South,2023-04-30
C0260,Customer 260,Home Office,Jaipur,Rajasthan,North,2022-07-27
C0261,Customer 261,Corporate,Surat,Gujarat,West,2023-06-30
C0262,Customer 262,Home Office,Pune,Maharashtra,West,2023-01-23
C0263,Customer 263,Small Business,Patna,Bihar,East,2021-05-05
C0264,Customer 264,Consumer,Bengaluru,Karnataka,South,2023-07-21
C0265,Customer 265,Corporate,Gandhinagar,Gujarat,West,2021-02-13
C0266,Customer 266,Home Office,Surat,Gujarat,West,2021-09-15
C0267,Customer 267,Consumer,Bhubaneswar,Odisha,East,2024-02-10
C0268,Customer 268,Corporate,Mumbai,Maharashtra,West,2022-04-23
C0269,Customer 269,Home Office,Noida,Uttar Pradesh,North,2021-01-06
C0270,Customer 270,Home Office,Nagpur,Maharashtra,West,2021-09-24
C0271,Customer 271,Consumer,Patna,Bihar,East,2021-02-22
C0272,Customer 272,Consumer,Jodhpur,Rajasthan,North,2022-05-03
C0273,Customer 273,Consumer,Bhubaneswar,Odisha,East,2021-04-18
C0274,Customer 274,Corporate,Jodhpur,Rajasthan,North,2021-05-11
C0275,Customer 275,Consumer,Chennai,Tamil Nadu,South,2021-08-12
C0276,Customer 276,Consumer,Hyderabad,Telangana,South,2021-03-30
C0277,Customer 277,Consumer,Kolkata,West Bengal,East,2021-03-05
C0278,Customer 278,Small Business,Surat,Gujarat,West,2023-05-24
C0279,Customer 279,Consumer,Jaipur,Rajasthan,North,2021-05-31
C0280,Customer 280,Consumer,Gandhinagar,Gujarat,West,2021-09-16
C0281,Customer 281,Corporate,Nagpur,Maharashtra,West,2022-10-28
C0282,Customer 282,Small Business,Bengaluru,Karnataka,South,2023-07-19
C0283,Customer 283,Corporate,Kolkata,West Bengal,East,2021-08-23
C0284,Customer 284,Corporate,Patna,Bihar,East,2023-07-14
C0285,Customer 285,Consumer,Pune,Maharashtra,West,2023-03-28
C0286,Customer 286,Corporate,Mysuru,Karnataka,South,2022-10-03
C0287,Customer 287,Consumer,Nagpur,Maharashtra,West,2023-08-30
C0288,Customer 288,Consumer,Gandhinagar,Gujarat,West,2023-06-04
C0289,Customer 289,Corporate,Jaipur,Rajasthan,North,2021-09-24
C0290,Customer 290,Consumer,Patna,Bihar,East,2024-02-25
C0291,Customer 291,Corporate,Noida,Uttar Pradesh,North,2023-05-17
C0292,Customer 292,Small Business,Surat,Gujarat,West,2022-12-22
C0293,Customer 293,Corporate,Jaipur,Rajasthan,North,2023-09-15
C0294,Customer 294,Home Office,Pune,Maharashtra,West,2024-02-14
C0295,Customer 295,Consumer,Lucknow,Uttar Pradesh,North,2022-04-09
C0296,Customer 296,Home Office,Mysuru,Karnataka,South,2024-02-15
C0297,Customer 297,Corporate,Ahmedabad,Gujarat,West,2022-07-02
C0298,Customer 298,Consumer,Ahmedabad,Gujarat,West,2022-09-25
C0299,Customer 299,Consumer,Noida,Uttar Pradesh,North,2021-10-21
C0300,Customer 300,Corporate,Bhubaneswar,Odisha,East,2021-03-04
C0301,Customer 301,Corporate,Gandhinagar,Gujarat,West,2023-05-10
C0302,Customer 302,Consumer,Hyderabad,Telangana,South,2022-10-27
C0303,Customer 303,Corporate,Bhubaneswar,Odisha,East,2021-11-15
C0304,Aditya Singh,Home Office,Udaipur,Rajasthan,North,2022-07-12
C0305,Customer 305,Corporate,Hyderabad,Telangana,South,2023-06-25
C0306,Customer 306,Consumer,Mysuru,Karnataka,South,2021-08-22
C0307,Customer 307,Consumer,Lucknow,Uttar Pradesh,North,2023-09-24
C0308,Priya Nair,Corporate,Kolkata,West Bengal,East,2021-04-23
C0309,Customer 309,Consumer,Ahmedabad,Gujarat,West,2021-10-09
C0310,Customer 310,Consumer,Nagpur,Maharashtra,West,2023-10-16
C0311,Customer 311,Consumer,Mysuru,Karnataka,South,2022-04-17
C0312,Customer 312,Corporate,Kolkata,West Bengal,East,2022-12-27
C0313,Customer 313,Consumer,Gandhinagar,Gujarat,West,2023-06-13
C0314,Customer 314,Consumer,Ahmedabad,Gujarat,West,2022-10-04
C0315,Customer 315,Consumer,Bhubaneswar,Odisha,East,2023-05-06
C0316,Diya Reddy,Consumer,Delhi,Delhi,North,2021-12-18
C0317,Customer 317,Home Office,Hyderabad,Telangana,South,2021-06-30
C0318,Customer 318,Home Office,Mysuru,Karnataka,South,2023-04-01
C0319,Customer 319,Consumer,Kolkata,West Bengal,East,2022-11-27
C0320,Customer 320,Consumer,Pune,Maharashtra,West,2023-11-12
C0321,Customer 321,Consumer,Jaipur,Rajasthan,North,2022-12-17
C0322,Customer 322,Corporate,Lucknow,Uttar Pradesh,North,2021-10-30
C0323,Customer 323,Consumer,Pune,Maharashtra,West,2021-12-22
C0324,Customer 324,Home Office,Jodhpur,Rajasthan,North,2021-12-29
C0325,Customer 325,Consumer,Chennai,Tamil Nadu,South,2024-04-01
C0326,Customer 326,Corporate,Hyderabad,Telangana,South,2022-10-24
C0327,Customer 327,Consumer,Noida,Uttar Pradesh,North,2023-06-25
C0328,Customer 328,Home Office,Delhi,Delhi,North,2022-12-22
C0329,Customer 329,Consumer,Kolkata,West Bengal,East,2021-03-19
C0330,Customer 330,Consumer,Surat,Gujarat,West,2021-07-04
C0331,Customer 331,Consumer,Kolkata,West Bengal,East,2021-03-26
C0332,Customer 332,Small Business,Hyderabad,Telangana,South,2022-01-21
C0333,Customer 333,Corporate,Noida,Uttar Pradesh,North,2021-05-07
C0334,Customer 334,Consumer,Hyderabad,Telangana,South,2022-12-05
C0335,Customer 335,Consumer,Gandhinagar,Gujarat,West,2022-05-23
C0336,Customer 336,Small Business,Hyderabad,Telangana,South,2021-11-22
C0337,Customer 337,Consumer,Lucknow,Uttar Pradesh,North,2023-04-18
C0338,Customer 338,Corporate,Noida,Uttar Pradesh,North,2022-11-17
C0339,Customer 339,Consumer,Gandhinagar,Gujarat,West,2023-03-03
C0340,Customer 340,Consumer,Delhi,Delhi,North,2021-11-04
C0341,Customer 341,Consumer,Noida,Uttar Pradesh,North,2022-12-18
C0342,Customer 342,Small Business,Delhi,Delhi,North,2023-03-14
C0343,Customer 343,Corporate,Jodhpur,Rajasthan,North,2022-09-27
C0344,Customer 344,Consumer,Patna,Bihar,East,2021-09-19
C0345,Customer 345,Consumer,Kolkata,West Bengal,East,2023-11-08
C0346,Customer 346,Consumer,Lucknow,Uttar Pradesh,North,2022-03-15
C0347,Customer 347,Small Business,Noida,Uttar Pradesh,North,2022-04-09
C0348,Customer 348,Consumer,Jodhpur,Rajasthan,North,2021-07-27
C0349,Customer 349,Home Office,Kolkata,West Bengal,East,2023-12-15
C0350,Customer 350,Corporate,Surat,Gujarat,West,2021-09-26
C0351,Customer 351,Consumer,Bengaluru,Karnataka,South,2021-12-06
C0352,Customer 352,Consumer,Hyderabad,Telangana,South,2022-05-02
C0353,Customer 353,Corporate,Hyderabad,Telangana,South,2023-07-09
C0354,Customer 354,Consumer,Pune,Maharashtra,West,2023-08-19
C0355,Customer 355,Consumer,Mumbai,Maharashtra,West,2023-06-22
C0356,Customer 356,Home Office,Hyderabad,Telangana,South,2023-10-27
C0357,Customer 357,Consumer,Kolkata,West Bengal,East,2022-02-13
C0358,Customer 358,Home Office,Jodhpur,Rajasthan,North,2023-09-12
C0359,Customer 359,Corporate,Lucknow,Uttar Pradesh,North,2023-11-23
C0360,Customer 360,Consumer,Jaipur,Rajasthan,North,2022-07-13
C0361,Customer 361,Small Business,Hyderabad,Telangana,South,2023-06-15
C0362,Customer 362,Small Business,Gandhinagar,Gujarat,West,2023-07-13
C0363,Customer 363,Small Business,Lucknow,Uttar Pradesh,North,2023-03-23
C0364,Customer 364,Consumer,Kolkata,West Bengal,East,2021-06-17
C0365,Customer 365,Consumer,Lucknow,Uttar Pradesh,North,2021-07-22
C0366,Customer 366,Home Office,Noida,Uttar Pradesh,North,2022-08-11
C0367,Customer 367,Corporate,Chennai,Tamil Nadu,South,2023-08-19
C0368,Customer 368,Corporate,Hyderabad,Telangana,South,2021-02-08
C0369,Customer 369,Consumer,Nagpur,Maharashtra,West,2023-12-17
C0370,Customer 370,Consumer,Mysuru,Karnataka,South,2022-09-09
C0371,Customer 371,Consumer,Jaipur,Rajasthan,North,2023-07-26
C0372,Customer 372,Consumer,Gandhinagar,Gujarat,West,2024-01-03
C0373,Customer 373,Corporate,Ahmedabad,Gujarat,West,2021-10-22
C0374,Customer 374,Consumer,Delhi,Delhi,North,2022-05-08
C0375,Customer 375,Consumer,Bhubaneswar,Odisha,East,2021-06-25
C0376,Customer 376,Small Business,Kolkata,West Bengal,East,2023-12-14
C0377,Customer 377,Consumer,Patna,Bihar,East,2024-02-09
C0378,Customer 378,Consumer,Ahmedabad,Gujarat,West,2023-03-04
C0379,Aditya Singh,Consumer,Lucknow,Uttar Pradesh,North,2022-12-08
C0380,Customer 380,Corporate,Pune,Maharashtra,West,2024-04-06
C0381,Customer 381,Consumer,Noida,Uttar Pradesh,North,2022-11-25
C0382,Customer 382,Home Office,Udaipur,Rajasthan,North,2023-09-08
C0383,Customer 383,Home Office,Udaipur,Rajasthan,North,2023-07-27
C0384,Krishna Jain,Consumer,Surat,Gujarat,West,2021-03-27
C0385,Customer 385,Small Business,Noida,Uttar Pradesh,North,2024-01-18
C0386,Customer 386,Consumer,Chennai,Tamil Nadu,South,2022-01-27
C0387,Customer 387,Consumer,Delhi,Delhi,North,2022-11-11
C0388,Customer 388,Consumer,Nagpur,Maharashtra,West,2023-03-31
C0389,Customer 389,Home Office,Hyderabad,Telangana,South,2022-01-18
C0390,Customer 390,Corporate,Chennai,Tamil Nadu,South,2023-11-30
C0391,Customer 391,Home Office,Nagpur,Maharashtra,West,2021-06-11
C0392,Customer 392,Corporate,Mysuru,Karnataka,South,2024-01-23
C0393,Customer 393,Consumer,Delhi,Delhi,North,2022-08-29
C0394,Customer 394,Consumer,Delhi,Delhi,North,2021-12-08
C0395,Meera Joshi,Consumer,Hyderabad,Telangana,South,2023-06-10
C0396,Customer 396,Corporate,Nagpur,Maharashtra,West,2021-04-28
C0397,Customer 397,Corporate,Gandhinagar,Gujarat,West,2023-11-17
C0398,Customer 398,Small Business,Udaipur,Rajasthan,North,2023-06-17
C0399,Customer 399,Consumer,Surat,Gujarat,West,2023-01-21
C0400,Customer 400,Consumer,Lucknow,Uttar Pradesh,North,2021-11-11
C0401,Customer 401,Small Business,Hyderabad,Telangana,South,2021-06-07
C0402,Customer 402,Consumer,Bhubaneswar,Odisha,East,2022-10-06
C0403,Customer 403,Consumer,Nagpur,Maharashtra,West,2022-01-17
C0404,Customer 404,Consumer,Chennai,Tamil Nadu,South,2021-08-30
C0405,Customer 405,Home Office,Nagpur,Maharashtra,West,2022-03-16
C0406,Customer 406,Corporate,Delhi,Delhi,North,2022-02-14
C0407,Customer 407,Consumer,Jaipur,Rajasthan,North,2021-12-20
C0408,Customer 408,Small Business,Hyderabad,Telangana,South,2022-10-17
C0409,Customer 409,Corporate,Lucknow,Uttar Pradesh,North,2022-08-18
C0410,Customer 410,Home Office,Delhi,Delhi,North,2021-12-23
C0411,Customer 411,Consumer,Lucknow,Uttar Pradesh,North,2022-02-16
C0412,Customer 412,Consumer,Jodhpur,Rajasthan,North,2023-01-10
C0413,Customer 413,Corporate,Patna,Bihar,East,2024-02-04
C0414,Customer 414,Corporate,Jodhpur,Rajasthan,North,2022-09-26
C0415,Customer 415,Small Business,Bengaluru,Karnataka,South,2023-12-13
C0416,Customer 416,Home Office,Mysuru,Karnataka,South,2021-06-01
C0417,Customer 417,Small Business,Jodhpur,Rajasthan,North,2023-07-11
C0418,Customer 418,Corporate,Hyderabad,Telangana,South,2024-02-04
C0419,Customer 419,Consumer,Bhubaneswar,Odisha,East,2023-06-06
C0420,Customer 420,Small Business,Kolkata,West Bengal,East,2021-09-12
C0421,Customer 421,Consumer,Kolkata,West Bengal,East,2022-10-23
C0422,Customer 422,Consumer,Pune,Maharashtra,West,2022-08-05
C0423,Customer 423,Consumer,Gandhinagar,Gujarat,West,2024-02-03
C0424,Customer 424,Consumer,Nagpur,Maharashtra,West,2023-12-29
C0425,Customer 425,Consumer,Gandhinagar,Gujarat,West,2024-04-04
C0426,Customer 426,Consumer,Jodhpur,Rajasthan,North,2022-11-23
C0427,Customer 427,Consumer,Bhubaneswar,Odisha,East,2021-06-16
C0428,Customer 428,Small Business,Surat,Gujarat,West,2022-06-27
C0429,Customer 429,Home Office,Mumbai,Maharashtra,West,2021-03-04
C0430,Customer 430,Home Office,Chennai,Tamil Nadu,South,2022-09-11
C0431,Customer 431,Consumer,Chennai,Tamil Nadu,South,2023-04-12
C0432,Customer 432,Consumer,Delhi,Delhi,North,2021-11-20
C0433,Customer 433,Consumer,Hyderabad,Telangana,South,2022-11-28
C0434,Customer 434,Consumer,Jodhpur,Rajasthan,North,2022-12-09
C0435,Customer 435,Consumer,Bengaluru,Karnataka,South,2024-02-25
C0436,Customer 436,Consumer,Jaipur,Rajasthan,North,2022-07-02
C0437,Customer 437,Consumer,Hyderabad,Telangana,South,2022-08-18
C0438,Customer 438,Home Office,Bengaluru,Karnataka,South,2021-11-24
C0439,Customer 439,Small Business,Noida,Uttar Pradesh,North,2022-01-24
C0440,Customer 440,Consumer,Udaipur,Rajasthan,North,2023-10-19
C0441,Customer 441,Consumer,Delhi,Delhi,North,2023-03-17
C0442,Customer 442,Consumer,Kolkata,West Bengal,East,2024-04-09
C0443,Customer 443,Consumer,Lucknow,Uttar Pradesh,North,2023-08-22
C0444,Customer 444,Consumer,Delhi,Delhi,North,2023-06-02
C0445,Customer 445,Home Office,Jodhpur,Rajasthan,North,2023-04-06
C0446,Customer 446,Consumer,Lucknow,Uttar Pradesh,North,2024-02-25
C0447,Customer 447,Consumer,Mumbai,Maharashtra,West,2023-03-03
C0448,Customer 448,Consumer,Kolkata,West Bengal,East,2021-09-01
C0449,Customer 449,Small Business,Jodhpur,Rajasthan,North,2022-11-26
C0450,Customer 450,Small Business,Patna,Bihar,East,2022-02-12
C0451,Vivaan Patel,Consumer,Kolkata,West Bengal,East,2021-10-08
C0452,Customer 452,Home Office,Noida,Uttar Pradesh,North,2021-11-02
C0453,Customer 453,Consumer,Kolkata,West Bengal,East,2022-10-15
C0454,Customer 454,Consumer,Udaipur,Rajasthan,North,2022-09-05
C0455,Customer 455,Consumer,Bhubaneswar,Odisha,East,2023-12-27
C0456,Customer 456,Corporate,Chennai,Tamil Nadu,South,2021-02-04
C0457,Customer 457,Consumer,Lucknow,Uttar Pradesh,North,2023-05-04
C0458,Customer 458,Consumer,Bhubaneswar,Odisha,East,2021-02-24
C0459,Customer 459,Consumer,Chennai,Tamil Nadu,South,2024-03-30
C0460,Customer 460,Consumer,Bhubaneswar,Odisha,East,2023-09-11
C0461,Customer 461,Consumer,Udaipur,Rajasthan,North,2023-02-18
C0462,Customer 462,Home Office,Jodhpur,Rajasthan,North,2024-03-18
C0463,Customer 463,Consumer,Jaipur,Rajasthan,North,2023-05-08
C0464,Customer 464,Consumer,Jodhpur,Rajasthan,North,2023-10-25
C0465,Customer 465,Home Office,Chennai,Tamil Nadu,South,2021-05-08
C0466,Customer 466,Consumer,Jodhpur,Rajasthan,North,2023-09-07
C0467,Customer 467,Consumer,Kolkata,West Bengal,East,2023-07-31
C0468,Customer 468,Consumer,Patna,Bihar,East,2022-06-26
C0469,Customer 469,Consumer,Chennai,Tamil Nadu,South,2024-02-17
C0470,Customer 470,Consumer,Delhi,Delhi,North,2022-09-02
C0471,Customer 471,Corporate,Delhi,Delhi,North,2023-09-29
C0472,Customer 472,Consumer,Noida,Uttar Pradesh,North,2022-07-15
C0473,Customer 473,Consumer,Delhi,Delhi,North,2023-02-17
C0474,Customer 474,Home Office,Bengaluru,Karnataka,South,2021-10-27
C0475,Customer 475,Consumer,Delhi,Delhi,North,2021-06-11
C0476,Customer 476,Small Business,Lucknow,Uttar Pradesh,North,2023-09-09
C0477,Customer 477,Consumer,Mumbai,Maharashtra,West,2024-02-26
C0478,Customer 478,Consumer,Nagpur,Maharashtra,West,2022-05-06
C0479,Customer 479,Consumer,Pune,Maharashtra,West,2022-04-08
C0480,Customer 480,Consumer,Pune,Maharashtra,West,2023-08-26
C0481,Customer 481,Corporate,Jaipur,Rajasthan,North,2024-02-02
C0482,Customer 482,Consumer,Udaipur,Rajasthan,North,2023-09-02
C0483,Customer 483,Corporate,Chennai,Tamil Nadu,South,2022-08-12
C0484,Customer 484,Consumer,Noida,Uttar Pradesh,North,2021-07-03
C0485,Customer 485,Consumer,Bhubaneswar,Odisha,East,2021-03-18
C0486,Customer 486,Consumer,Udaipur,Rajasthan,North,2021-03-16
C0487,Customer 487,Home Office,Bengaluru,Karnataka,South,2022-08-16
C0488,Customer 488,Consumer,Surat,Gujarat,West,2021-08-08
C0489,Customer 489,Consumer,Noida,Uttar Pradesh,North,2024-01-18
C0490,Customer 490,Consumer,Kolkata,West Bengal,East,2023-10-30
C0491,Customer 491,Consumer,Hyderabad,Telangana,South,2022-11-09
C0492,Customer 492,Corporate,Udaipur,Rajasthan,North,2022-01-17
C0493,Customer 493,Corporate,Ahmedabad,Gujarat,West,2024-03-08
C0494,Customer 494,Consumer,Mumbai,Maharashtra,West,2023-04-11
C0495,Customer 495,Consumer,Mysuru,Karnataka,South,2021-07-15
C0496,Customer 496,Small Business,Udaipur,Rajasthan,North,2022-05-24
C0497,Customer 497,Consumer,Ahmedabad,Gujarat,West,2022-07-01
C0498,Customer 498,Consumer,Noida,Uttar Pradesh,North,2021-01-24
C0499,Customer 499,Corporate,Nagpur,Maharashtra,West,2021-05-08
C0500,Customer 500,Consumer,Jaipur,Rajasthan,North,2023-10-27
C0501,Customer 501,Corporate,Delhi,Delhi,North,2022-08-28
C0502,Customer 502,Corporate,Lucknow,Uttar Pradesh,North,2021-10-01
C0503,Customer 503,Consumer,Chennai,Tamil Nadu,South,2023-02-05
C0504,Customer 504,Corporate,Mysuru,Karnataka,South,2024-01-06
C0505,Customer 505,Home Office,Mumbai,Maharashtra,West,2021-06-17
C0506,Customer 506,Consumer,Kolkata,West Bengal,East,2021-06-09
C0507,Customer 507,Consumer,Bhubaneswar,Odisha,East,2023-11-02
C0508,Customer 508,Corporate,Mumbai,Maharashtra,West,2022-11-03
C0509,Customer 509,Consumer,Kolkata,West Bengal,East,2024-04-09
C0510,Customer 510,Consumer,Chennai,Tamil Nadu,South,2021-04-24
C0511,Customer 511,Consumer,Hyderabad,Telangana,South,2024-02-29
C0512,Customer 512,Corporate,Surat,Gujarat,West,2022-09-24
C0513,Customer 513,Consumer,Ahmedabad,Gujarat,West,2022-03-23
C0514,Customer 514,Consumer,Bhubaneswar,Odisha,East,2021-05-11
C0515,Customer 515,Small Business,Patna,Bihar,East,2021-05-22
C0516,Customer 516,Consumer,Chennai,Tamil Nadu,South,2021-10-05
C0517,Customer 517,Consumer,Mysuru,Karnataka,South,2023-07-08
C0518,Customer 518,Consumer,Bengaluru,Karnataka,South,2024-01-10
C0519,Customer 519,Corporate,Jodhpur,Rajasthan,North,2022-01-01
C0520,Customer 520,Consumer,Patna,Bihar,East,2022-04-02
C0521,Customer 521,Home Office,Ahmedabad,Gujarat,West,2023-08-07
C0522,Customer 522,Consumer,Patna,Bihar,East,2022-04-16
C0523,Customer 523,Consumer,Pune,Maharashtra,West,2022-01-22
C0524,Customer 524,Consumer,Jaipur,Rajasthan,North,2021-02-02
C0525,Customer 525,Consumer,Pune,Maharashtra,West,2021-03-10
C0526,Customer 526,Corporate,Hyderabad,Telangana,South,2021-04-10
C0527,Customer 527,Corporate,Pune,Maharashtra,West,2022-04-25
C0528,Customer 528,Consumer,Patna,Bihar,East,2021-04-26
C0529,Customer 529,Consumer,Jodhpur,Rajasthan,North,2024-03-25
C0530,Customer 530,Corporate,Noida,Uttar Pradesh,North,2022-10-19
C0531,Customer 531,Consumer,Pune,Maharashtra,West,2023-12-04
C0532,Customer 532,Consumer,Pune,Maharashtra,West,2024-02-15
C0533,Customer 533,Home Office,Bhubaneswar,Odisha,East,2023-05-25
C0534,Customer 534,Consumer,Patna,Bihar,East,2023-02-20
C0535,Customer 535,Consumer,Kolkata,West Bengal,East,2021-11-02
C0536,Customer 536,Consumer,Delhi,Delhi,North,2023-08-28
C0537,Customer 537,Home Office,Pune,Maharashtra,West,2021-10-23
C0538,Customer 538,Small Business,Hyderabad,Telangana,South,2023-05-04
C0539,Customer 539,Consumer,Patna,Bihar,East,2022-06-07
C0540,Customer 540,Consumer,Mumbai,Maharashtra,West,2023-07-11
C0541,Customer 541,Consumer,Lucknow,Uttar Pradesh,North,2022-01-26
C0542,Customer 542,Consumer,Surat,Gujarat,West,2021-03-22
C0543,Customer 543,Consumer,Gandhinagar,Gujarat,West,2024-02-19
C0544,Customer 544,Consumer,Mumbai,Maharashtra,West,2022-11-13
C0545,Krishna Jain,Small Business,Delhi,Delhi,North,2021-08-29
C0546,Customer 546,Small Business,Chennai,Tamil Nadu,South,2022-02-23
C0547,Customer 547,Small Business,Bengaluru,Karnataka,South,2022-08-03
C0548,Customer 548,Consumer,Bengaluru,Karnataka,South,2022-09-24
C0549,Customer 549,Consumer,Nagpur,Maharashtra,West,2023-08-13
C0550,Customer 550,Home Office,Jaipur,Rajasthan,North,2022-10-18
C0551,Customer 551,Consumer,Mumbai,Maharashtra,West,2024-02-27
C0552,Reliance Retail,Corporate,Pune,Maharashtra,West,2024-04-11
C0553,Customer 553,Corporate,Bhubaneswar,Odisha,East,2022-02-06
C0554,Customer 554,Consumer,Noida,Uttar Pradesh,North,2022-05-19
C0555,Customer 555,Corporate,Chennai,Tamil Nadu,South,2022-11-23
C0556,Customer 556,Home Office,Nagpur,Maharashtra,West,2023-10-02
C0557,Customer 557,Consumer,Hyderabad,Telangana,South,2021-12-13
C0558,Customer 558,Corporate,Jodhpur,Rajasthan,North,2024-01-16
C0559,Customer 559,Consumer,Surat,Gujarat,West,2021-06-02
C0560,Customer 560,Home Office,Surat,Gujarat,West,2022-04-19
C0561,TCS Purchase,Corporate,Gandhinagar,Gujarat,West,2023-07-23
C0562,Customer 562,Consumer,Lucknow,Uttar Pradesh,North,2023-09-17
C0563,Customer 563,Consumer,Chennai,Tamil Nadu,South,2023-04-23
C0564,Customer 564,Consumer,Ahmedabad,Gujarat,West,2024-01-03
C0565,Customer 565,Consumer,Delhi,Delhi,North,2023-06-01
C0566,Customer 566,Consumer,Udaipur,Rajasthan,North,2021-11-01
C0567,Customer 567,Consumer,Pune,Maharashtra,West,2022-12-27
C0568,Customer 568,Home Office,Nagpur,Maharashtra,West,2023-04-12
C0569,Customer 569,Corporate,Hyderabad,Telangana,South,2022-04-08
C0570,Customer 570,Corporate,Delhi,Delhi,North,2021-03-06
C0571,Customer 571,Consumer,Gandhinagar,Gujarat,West,2023-09-02
C0572,Customer 572,Corporate,Surat,Gujarat,West,2021-06-19
C0573,Customer 573,Home Office,Chennai,Tamil Nadu,South,2022-11-10
C0574,Customer 574,Small Business,Bhubaneswar,Odisha,East,2023-12-18
C0575,Customer 575,Consumer,Surat,Gujarat,West,2024-03-06
C0576,Customer 576,Consumer,Chennai,Tamil Nadu,South,2022-07-29
C0577,Diya Reddy,Corporate,Patna,Bihar,East,2021-02-02
C0578,Customer 578,Corporate,Mumbai,Maharashtra,West,2023-03-27
C0579,Customer 579,Consumer,Gandhinagar,Gujarat,West,2024-03-06
C0580,Customer 580,Corporate,Bengaluru,Karnataka,South,2023-02-26
C0581,Customer 581,Home Office,Jodhpur,Rajasthan,North,2021-06-10
C0582,Customer 582,Corporate,Kolkata,West Bengal,East,2021-07-20
C0583,Customer 583,Consumer,Mysuru,Karnataka,South,2023-03-24
C0584,Customer 584,Consumer,Noida,Uttar Pradesh,North,2023-07-12
C0585,Customer 585,Consumer,Chennai,Tamil Nadu,South,2023-02-08
C0586,Customer 586,Consumer,Mysuru,Karnataka,South,2023-02-18
C0587,Customer 587,Home Office,Gandhinagar,Gujarat,West,2022-05-20
C0588,Customer 588,Consumer,Gandhinagar,Gujarat,West,2021-11-12
C0589,Customer 589,Consumer,Bengaluru,Karnataka,South,2021-01-11
C0590,Customer 590,Consumer,Delhi,Delhi,North,2021-07-29
C0591,Customer 591,Consumer,Jodhpur,Rajasthan,North,2024-02-15
C0592,Customer 592,Consumer,Patna,Bihar,East,2021-07-03
C0593,Customer 593,Corporate,Lucknow,Uttar Pradesh,North,2022-10-27
C0594,Customer 594,Consumer,Bengaluru,Karnataka,South,2021-06-23
C0595,Customer 595,Small Business,Patna,Bihar,East,2024-03-17
C0596,Customer 596,Consumer,Kolkata,West Bengal,East,2021-10-12
C0597,Customer 597,Consumer,Nagpur,Maharashtra,West,2021-05-10
C0598,Customer 598,Consumer,Udaipur,Rajasthan,North,2023-09-19
C0599,Customer 599,Consumer,Gandhinagar,Gujarat,West,2023-10-13
C0600,Customer 600,Consumer,Mumbai,Maharashtra,West,2021-01-14
C0601,Customer 601,Consumer,Bengaluru,Karnataka,South,2022-11-06
C0602,Customer 602,Consumer,Hyderabad,Telangana,South,2021-10-06
C0603,Customer 603,Consumer,Delhi,Delhi,North,2022-02-16
C0604,Customer 604,Consumer,Chennai,Tamil Nadu,South,2022-10-16
C0605,Customer 605,Corporate,Delhi,Delhi,North,2024-03-25
C0606,Customer 606,Consumer,Pune,Maharashtra,West,2023-03-16
C0607,Customer 607,Consumer,Lucknow,Uttar Pradesh,North,2024-01-23
C0608,Customer 608,Corporate,Udaipur,Rajasthan,North,2023-08-04
C0609,Customer 609,Consumer,Mumbai,Maharashtra,West,2021-05-22
C0610,Customer 610,Corporate,Mysuru,Karnataka,South,2022-09-13
C0611,Customer 611,Consumer,Pune,Maharashtra,West,2023-05-17
C0612,Customer 612,Consumer,Bengaluru,Karnataka,South,2023-09-09
C0613,Customer 613,Consumer,Bhubaneswar,Odisha,East,2023-05-07
C0614,Customer 614,Consumer,Patna,Bihar,East,2024-01-05
C0615,Customer 615,Consumer,Gandhinagar,Gujarat,West,2022-12-29
C0616,Priya Nair,Corporate,Udaipur,Rajasthan,North,2022-11-11
C0617,Customer 617,Consumer,Mysuru,Karnataka,South,2022-03-31
C0618,Customer 618,Corporate,Kolkata,West Bengal,East,2024-03-24
C0619,Customer 619,Consumer,Pune,Maharashtra,West,2023-10-22
C0620,Arjun Mehta,Consumer,Jodhpur,Rajasthan,North,2022-08-29
C0621,Customer 621,Small Business,Mysuru,Karnataka,South,2021-10-18
C0622,Customer 622,Consumer,Lucknow,Uttar Pradesh,North,2022-02-28
C0623,Customer 623,Consumer,Kolkata,West Bengal,East,2023-06-17
C0624,Customer 624,Consumer,Hyderabad,Telangana,South,2021-08-24
C0625,Customer 625,Home Office,Ahmedabad,Gujarat,West,2021-12-03
C0626,Customer 626,Consumer,Pune,Maharashtra,West,2022-11-09
C0627,Customer 627,Consumer,Patna,Bihar,East,2023-04-10
C0628,Customer 628,Consumer,Udaipur,Rajasthan,North,2023-03-22
C0629,Customer 629,Corporate,Ahmedabad,Gujarat,West,2023-07-10
C0630,Krishna Jain,Consumer,Bhubaneswar,Odisha,East,2022-02-26
C0631,Customer 631,Home Office,Nagpur,Maharashtra,West,2021-05-09
C0632,Customer 632,Consumer,Bhubaneswar,Odisha,East,2022-01-18
C0633,Customer 633,Consumer,Lucknow,Uttar Pradesh,North,2022-06-22
C0634,Customer 634,Consumer,Chennai,Tamil Nadu,South,2023-03-07
C0635,Customer 635,Corporate,Bengaluru,Karnataka,South,2023-07-27
C0636,Customer 636,Home Office,Udaipur,Rajasthan,North,2022-09-02
C0637,Customer 637,Consumer,Bhubaneswar,Odisha,East,2021-08-30
C0638,Customer 638,Consumer,Pune,Maharashtra,West,2021-10-17
C0639,Customer 639,Consumer,Kolkata,West Bengal,East,2024-03-23
C0640,Customer 640,Consumer,Bengaluru,Karnataka,South,2024-01-06
C0641,Customer 641,Corporate,Udaipur,Rajasthan,North,2021-10-15
C0642,Customer 642,Consumer,Udaipur,Rajasthan,North,2021-04-20
C0643,Customer 643,Small Business,Lucknow,Uttar Pradesh,North,2022-02-04
C0644,Customer 644,Small Business,Bengaluru,Karnataka,South,2023-10-11
C0645,Customer 645,Corporate,Mysuru,Karnataka,South,2023-06-29
C0646,Customer 646,Consumer,Chennai,Tamil Nadu,South,2022-03-28
C0647,Customer 647,Consumer,Delhi,Delhi,North,2022-08-15
C0648,Customer 648,Home Office,Udaipur,Rajasthan,North,2023-10-12
C0649,Customer 649,Consumer,Patna,Bihar,East,2022-07-03
C0650,Customer 650,Home Office,Patna,Bihar,East,2021-03-27
C0651,Customer 651,Consumer,Hyderabad,Telangana,South,2021-07-29
C0652,Customer 652,Consumer,Pune,Maharashtra,West,2023-07-11
C0653,Customer 653,Consumer,Nagpur,Maharashtra,West,2023-06-19
C0654,Customer 654,Home Office,Jaipur,Rajasthan,North,2022-12-20
C0655,Customer 655,Consumer,Mysuru,Karnataka,South,2022-02-28
C0656,Customer 656,Home Office,Mumbai,Maharashtra,West,2023-12-27
C0657,Customer 657,Corporate,Nagpur,Maharashtra,West,2022-08-23
C0658,Customer 658,Corporate,Delhi,Delhi,North,2023-11-20
C0659,Customer 659,Consumer,Jaipur,Rajasthan,North,2023-04-23
C0660,Customer 660,Small Business,Surat,Gujarat,West,2021-09-17
C0661,Customer 661,Consumer,Jodhpur,Rajasthan,North,2022-05-22
C0662,Customer 662,Consumer,Bengaluru,Karnataka,South,2022-07-05
C0663,Customer 663,Consumer,Mysuru,Karnataka,South,2021-07-10
C0664,Customer 664,Consumer,Bengaluru,Karnataka,South,2023-01-26
C0665,Customer 665,Small Business,Hyderabad,Telangana,South,2021-01-06
C0666,Customer 666,Corporate,Gandhinagar,Gujarat,West,2023-01-04
C0667,Customer 667,Home Office,Gandhinagar,Gujarat,West,2023-05-30
C0668,Customer 668,Consumer,Mumbai,Maharashtra,West,2022-08-04
C0669,Customer 669,Consumer,Noida,Uttar Pradesh,North,2023-09-21
C0670,Customer 670,Home Office,Noida,Uttar Pradesh,North,2021-04-05
C0671,Customer 671,Corporate,Jaipur,Rajasthan,North,2021-02-03
C0672,Customer 672,Small Business,Jaipur,Rajasthan,North,2023-07-24
C0673,Customer 673,Small Business,Ahmedabad,Gujarat,West,2021-09-28
C0674,Customer 674,Consumer,Delhi,Delhi,North,2022-07-16
C0675,Customer 675,Corporate,Gandhinagar,Gujarat,West,2023-02-01
C0676,Customer 676,Consumer,Udaipur,Rajasthan,North,2022-04-25
C0677,Customer 677,Corporate,Mysuru,Karnataka,South,2021-01-03
C0678,Customer 678,Consumer,Mumbai,Maharashtra,West,2022-04-09
C0679,Diya Reddy,Corporate,Kolkata,West Bengal,East,2021-09-04
C0680,Customer 680,Corporate,Mysuru,Karnataka,South,2022-04-14
C0681,Customer 681,Consumer,Bengaluru,Karnataka,South,2021-07-31
C0682,Customer 682,Consumer,Noida,Uttar Pradesh,North,2023-02-23
C0683,Customer 683,Corporate,Jodhpur,Rajasthan,North,2021-05-21
C0684,Customer 684,Corporate,Kolkata,West Bengal,East,2021-12-03
C0685,Customer 685,Consumer,Hyderabad,Telangana,South,2021-11-07
C0686,Customer 686,Corporate,Mysuru,Karnataka,South,2022-03-21
C0687,Customer 687,Home Office,Gandhinagar,Gujarat,West,2021-09-10
C0688,Customer 688,Corporate,Bhubaneswar,Odisha,East,2023-05-30
C0689,Customer 689,Home Office,Noida,Uttar Pradesh,North,2021-06-22
C0690,Customer 690,Corporate,Pune,Maharashtra,West,2022-08-07
C0691,Customer 691,Home Office,Ahmedabad,Gujarat,West,2022-09-10
C0692,Customer 692,Consumer,Mumbai,Maharashtra,West,2023-03-14
C0693,Customer 693,Corporate,Delhi,Delhi,North,2022-05-06
C0694,Customer 694,Consumer,Chennai,Tamil Nadu,South,2021-05-26
C0695,Meera Joshi,Home Office,Kolkata,West Bengal,East,2022-10-11
C0696,Customer 696,Consumer,Jodhpur,Rajasthan,North,2023-05-12
C0697,Customer 697,Consumer,Lucknow,Uttar Pradesh,North,2023-08-23
C0698,Customer 698,Consumer,Gandhinagar,Gujarat,West,2022-06-21
C0699,Customer 699,Consumer,Mumbai,Maharashtra,West,2023-03-27
C0700,Customer 700,Consumer,Kolkata,West Bengal,East,2023-05-01
